﻿{
  "WildHorseradish": 16,
  "Daffodil": 18,
  "Leek": 20,
  "Dandelion": 22,
  "Parsnip": 24,
  "Cave Carrot": 78,
  "Coconut": 88,
  "Cactus Fruit": 90,
  "Pufferfish": 128,
  "Anchovy": 129,
  "Tuna": 130,
  "Sardine": 131,
  "Bream": 132,
  "Largemouth Bass": 136,
  "SmallmouthBass": 137,
  "Rainbow Trout": 138,
  "Salmon": 139,
  "Walleye": 140,
  "Perch": 141,
  "Carp": 142,
  "Catfish": 143,
  "Pike": 144,
  "Sunfish": 145,
  "Red Mullet": 146,
  "Herring": 147,
  "Eel": 148,
  "Octopus": 149,
  "Red Snapper": 150,
  "Squid": 151,
  "Seaweed": 152,
  "Green Algae": 153,
  "Sea Cucumber": 154,
  "Super Cucumber": 155,
  "Ghostfish": 156,
  "White Algae": 157,
  "Stonefish": 158,
  "Crimsonfish": 159,
  "Angler": 160,
  "Ice Pip": 161,
  "Lava Eel": 162,
  "Legend": 163,
  "Sandfish": 164,
  "Scorpion Carp": 165,
  "Joja Cola": 167,
  "Large White Egg": 174,
  "White Egg": 176,
  "Brown Egg": 180,
  "Large Brown Egg": 182,
  "Milk": 184,
  "Large Milk": 186,
  "Green Bean": 188,
  "Cauliflower": 190,
  "Potato": 192,
  "Fried Egg": 194,
  "Omelet": 195,
  "Salad": 196,
  "Cheese Cauliflower": 197,
  "Baked Fish": 198,
  "Parsnip Soup": 199,
  "Vegetable Medley": 200,
  "Complete Breakfast": 201,
  "Fried Calamari": 202,
  "Strange Bun": 203,
  "Lucky Lunch": 204,
  "Fried Mushroom": 205,
  "Pizza": 206,
  "Bean Hotpot": 207,
  "Glazed Yams": 208,
  "Carp Suprise": 209,
  "Hashbrowns": 210,
  "Pancakes": 211,
  "Salmon Dinner": 212,
  "FishTaco": 213,
  "Crispy Bass": 214,
  "Pepper Poppers": 215,
  "Bread": 216,
  "Tom Kha Soup": 218,
  "Trout Soup": 219,
  "Chocolate Cake": 220,
  "Pink Cake": 221,
  "Rhubarb Pie": 222,
  "Cookie": 223,
  "Spaghetti": 224,
  "Fried Eel": 225,
  "Spicy Eel": 226,
  "Sashimi": 227,
  "Maki Roll": 228,
  "Tortilla": 229,
  "Red Plate": 230,
  "Eggplant Parmesan": 231,
  "Rice Pudding": 232,
  "Ice Cream": 233,
  "Blueberry Tart": 234,
  "Autumn's Bounty": 235,
  "Pumpkin Soup": 236,
  "Super Meal": 237,
  "Cranberry Sauce": 238,
  "Stuffing": 239,
  "Farmer's Lunch": 240,
  "Survival Burger": 241,
  "Dish O' The Sea": 242,
  "Miner's Treat": 243,
  "Roots Platter": 244,
  "Garlic": 248,
  "Kale": 250,
  "Rhubarb": 252,
  "Triple Shot Espresso": 253,
  "Melon": 254,
  "Tomato": 256,
  "Morel": 257,
  "Blueberry": 258,
  "Fiddlehead Fern": 259,
  "Hot Pepper": 260,
  "Wheat": 262,
  "Radish": 264,
  "Seafoam Pudding": 265,
  "Red Cabbage": 266,
  "Flounder": 267,
  "Starfruit": 268,
  "Midnight Carp": 269,
  "Corn": 270,
  "Unmilled Rice": 271,
  "Eggplant": 272,
  "Artichoke": 274,
  "Pumpkin": 276,
  "Bok Choy": 278,
  "Magic Rock Candy": 279,
  "Yam": 280,
  "Chanterelle": 281,
  "Cranberries": 282,
  "Holly": 283,
  "Beet": 284,
  "Salmonberry": 296,
  "Amaranth": 300,
  "Pale Ale": 303,
  "Hops": 304,
  "Void Egg": 305,
  "Mayonnaise": 306,
  "Duck Mayonnaise": 307,
  "Void Mayonnaise": 308,
  "Honey": 340,
  "Pickles": 342,
  "Jelly": 344,
  "Beer": 346,
  "Wine": 348,
  "Energy Tonic": 349,
  "Juice": 350,
  "Coffee": 395,
  "Spice Berry": 396,
  "Grape": 398,
  "Spring Onion": 399,
  "Strawberry": 400,
  "Field Snack": 403,
  "Common Mushroom": 404,
  "Wild Plum": 406,
  "Hazelnut": 408,
  "Blackberry": 410,
  "Winter Root": 412,
  "Crystal Fruit": 414,
  "Snow Yam": 416,
  "Sweet Gem Berry": 417,
  "Red Mushroom": 420,
  "Purple Mushroom": 422,
  "Rice": 423,
  "Cheese": 424,
  "Goat Cheese": 312,
  "Truffle": 430,
  "Coffee Bean": 433,
  "Goat Milk": 436,
  "Large Goat Milk": 48,
  "Duck Egg": 442,
  "Caviar": 445,
  "Aged Roe": 447,
  "Ancient Fruit": 454,
  "Algae Soup": 456,
  "Pale Broth": 457,
  "Mead": 459,
  "Fairy Rose": 595,
  "Blue Jazz": 597,
  "Plum Pudding": 604,
  "Artichoke Dip": 605,
  "Stir Fry": 606,
  "Roasted Hazelnuts": 607,
  "Pumpkin Pie": 608,
  "Radish Salad": 609,
  "Fruit Salad": 610,
  "Blackberry Cobbler": 611,
  "Cranberry Candy": 612,
  "Apple": 613,
  "Green Tea": 614,
  "Bruschetta": 618,
  "Apricot": 634,
  "Orange": 635,
  "Peach": 636,
  "Pomegranate": 637,
  "Cherry": 638,
  "Coleslaw": 648,
  "Fiddlehead Risotto": 649,
  "Poppyseed Muffin": 651,
  "Mutant Carp": 682,
  "Sturgeon": 698,
  "Tiger Trout": 699,
  "Bullhead": 700,
  "Tilapia": 701,
  "Chub": 702,
  "Dorado": 704,
  "Albacore": 705,
  "Shad": 706,
  "Lingcod": 707,
  "Halibut": 708,
  "Lobster": 715,
  "Crayfish": 716,
  "Crab": 717,
  "Cockle": 718,
  "Mussel": 719,
  "Shrimp": 720,
  "Snail": 721,
  "Periwinkle": 722,
  "Oyster": 723,
  "Maple Syrup": 724,
  "Chowder": 727,
  "Fish Stew": 728,
  "Escargot": 729,
  "Lobster Bisque": 730,
  "Maple Bar": 731,
  "Crab Cakes": 732,
  "Shrimp Cocktail": 733,
  "Woodskip": 734,
  "Oil of Garlic": 772,
  "Life Elixir": 773,
  "Glacierfish": 775,
  "Void Salmon": 795,
  "Slimejack": 796,
  "Midnight Squid": 798,
  "Spook Fish": 799,
  "Blobfish": 800,
  "Dinosaur Mayonnaise": 807,
  "Roe": 812,
  "Tea Leaves": 815
}