﻿{
  "WildHorseradish": 16,
  "Daffodil": 18,
  "Leek": 20,
  "Dandelion": 22,
  "Parsnip": 24,
  "Lumber": 30,
  "Emerald": 60,
  "Aquamarine": 62,
  "Ruby": 64,
  "Amethyst": 66,
  "Topaz": 68,
  "Jade": 70,
  "Diamond": 72,
  "Prismatic Shard": 74,
  "Cave Carrot": 78,
  "Quartz": 80,
  "Fire Quartz": 82,
  "Frozen Tear": 84,
  "Earth Crystal": 86,
  "Coconut": 88,
  "Cactus Fruit": 90,
  "Sap": 92,
  "Dwarf Scroll 1": 96,
  "Dwarf Scroll 2": 97,
  "Dwarf Scroll 3": 98,
  "Dwarf Scroll 4": 99,
  "Chipped Amphora": 100,
  "Arrowhead": 101,
  "Ancient Doll": 103,
  "Evlish Jewelry": 104,
  "Chewing Stick": 105,
  "Ornamental Fan": 106,
  "Dinosaur Egg": 107,
  "Rare Disc": 108,
  "Ancient Sword": 109,
  "Rusty Spoon": 110,
  "Rusty Spur": 111,
  "Rusty Cog": 112,
  "Chicken Statue": 113,
  "Ancient Seed": 114,
  "Prehistoric Tool": 115,
  "Dried Starfish": 116,
  "Anchor": 117,
  "Glass Shards": 118,
  "Bone Flute": 119,
  "Prehistoric Handaxe": 120,
  "Dwarvish Helm": 121,
  "Dwarf Gadget": 122,
  "Ancient Drum": 123,
  "Golden Mask": 124,
  "Golden Relic": 125,
  "Strange Doll A": 126,
  "Strange Doll B": 127,
  "Pufferfish": 128,
  "Anchovy": 129,
  "Tuna": 130,
  "Sardine": 131,
  "Bream": 132,
  "Largemouth Bass": 136,
  "SmallmouthBass": 137,
  "Rainbow Trout": 138,
  "Salmon": 139,
  "Walleye": 140,
  "Perch": 141,
  "Carp": 142,
  "Catfish": 143,
  "Pike": 144,
  "Sunfish": 145,
  "Red Mullet": 146,
  "Herring": 147,
  "Eel": 148,
  "Octopus": 149,
  "Red Snapper": 150,
  "Squid": 151,
  "Seaweed": 152,
  "Green Algae": 153,
  "Sea Cucumber": 154,
  "Super Cucumber": 155,
  "Ghostfish": 156,
  "White Algae": 157,
  "Stonefish": 158,
  "Crimsonfish": 159,
  "Angler": 160,
  "Ice Pip": 161,
  "Lava Eel": 162,
  "Legend": 163,
  "Sandfish": 164,
  "Scorpion Carp": 165,
  "Joja Cola": 167,
  "Trash": 168,
  "Driftwood": 169,
  "Broken Glasses": 170,
  "Broken CD": 171,
  "Soggy Newspaper": 172,
  "Large White Egg": 174,
  "White Egg": 176,
  "Brown Egg": 180,
  "Large Brown Egg": 182,
  "Milk": 184,
  "Large Milk": 186,
  "Green Bean": 188,
  "Cauliflower": 190,
  "Potato": 192,
  "Fried Egg": 194,
  "Omelet": 195,
  "Salad": 196,
  "Cheese Cauliflower": 197,
  "Baked Fish": 198,
  "Parsnip Soup": 199,
  "Vegetable Medley": 200,
  "Complete Breakfast": 201,
  "Fried Calamari": 202,
  "Strange Bun": 203,
  "Lucky Lunch": 204,
  "Fried Mushroom": 205,
  "Pizza": 206,
  "Bean Hotpot": 207,
  "Glazed Yams": 208,
  "Carp Suprise": 209,
  "Hashbrowns": 210,
  "Pancakes": 211,
  "Salmon Dinner": 212,
  "FishTaco": 213,
  "Crispy Bass": 214,
  "Pepper Poppers": 215,
  "Bread": 216,
  "Tom Kha Soup": 218,
  "Trout Soup": 219,
  "Chocolate Cake": 220,
  "Pink Cake": 221,
  "Rhubarb Pie": 222,
  "Cookie": 223,
  "Spaghetti": 224,
  "Fried Eel": 225,
  "Spicy Eel": 226,
  "Sashimi": 227,
  "Maki Roll": 228,
  "Tortilla": 229,
  "Red Plate": 230,
  "Eggplant Parmesan": 231,
  "Rice Pudding": 232,
  "Ice Cream": 233,
  "Blueberry Tart": 234,
  "Autumn's Bounty": 235,
  "Pumpkin Soup": 236,
  "Super Meal": 237,
  "Cranberry Sauce": 238,
  "Stuffing": 239,
  "Farmer's Lunch": 240,
  "Survival Burger": 241,
  "Dish O' The Sea": 242,
  "Miner's Treat": 243,
  "Roots Platter": 244,
  "Cooking Oil": 247,
  "Garlic": 248,
  "Kale": 250,
  "Rhubarb": 252,
  "Triple Shot Espresso": 253,
  "Melon": 254,
  "Tomato": 256,
  "Morel": 257,
  "Blueberry": 258,
  "Fiddlehead Fern": 259,
  "Hot Pepper": 260,
  "Wheat": 262,
  "Radish": 264,
  "Seafoam Pudding": 265,
  "Red Cabbage": 266,
  "Flounder": 267,
  "Starfruit": 268,
  "Midnight Carp": 269,
  "Corn": 270,
  "Unmilled Rice": 271,
  "Eggplant": 272,
  "Artichoke": 274,
  "Pumpkin": 276,
  "Bok Choy": 278,
  "Magic Rock Candy": 279,
  "Yam": 280,
  "Chanterelle": 281,
  "Cranberries": 282,
  "Holly": 283,
  "Beet": 284,
  "Salmonberry": 296,
  "Amaranth": 300,
  "Pale Ale": 303,
  "Hops": 304,
  "Void Egg": 305,
  "Mayonnaise": 306,
  "Duck Mayonnaise": 307,
  "Void Mayonnaise": 308,
  "Copper Bar": 334,
  "Iron Bar": 335,
  "Gold Bar": 336,
  "Iridium Bar": 337,
  "Refined Quartz": 338,
  "Honey": 340,
  "Pickles": 342,
  "Jelly": 344,
  "Beer": 346,
  "Wine": 348,
  "Energy Tonic": 349,
  "Juice": 350,
  "Clam": 372,
  "Golden Pumpkin": 373,
  "Poppy": 376,
  "Nautilus Shell": 392,
  "Coral": 393,
  "Rainbow Shell": 394,
  "Coffee": 395,
  "Spice Berry": 396,
  "Sea Urchin": 397,
  "Grape": 398,
  "Spring Onion": 399,
  "Strawberry": 400,
  "Sweet Pea": 402,
  "Field Snack": 403,
  "Common Mushroom": 404,
  "Wild Plum": 406,
  "Hazelnut": 408,
  "Blackberry": 410,
  "Winter Root": 412,
  "Crystal Fruit": 414,
  "Snow Yam": 416,
  "Sweet Gem Berry": 417,
  "Crocus": 418,
  "Red Mushroom": 420,
  "Sunflower": 421,
  "Purple Mushroom": 422,
  "Rice": 423,
  "Cheese": 424,
  "Goat Cheese": 312,
  "Cloth": 428,
  "Truffle": 430,
  "Truffle Oil": 432,
  "Coffee Bean": 433,
  "Goat Milk": 436,
  "Large Goat Milk": 48,
  "Wool": 440,
  "Duck Egg": 442,
  "Duck Feather": 444,
  "Caviar": 445,
  "Rabbit's Foot": 446,
  "Aged Roe": 447,
  "Ancient Fruit": 454,
  "Algae Soup": 456,
  "Pale Broth": 457,
  "Mead": 459,
  "Alamite": 538,
  "Bixite": 539,
  "Baryte": 540,
  "Aerinite": 541,
  "Calcite": 542,
  "Dolomite": 543,
  "Esperite": 544,
  "Fluorapatite": 545,
  "Geminite": 546,
  "Helvite": 547,
  "Jamborite": 548,
  "Jagoite": 549,
  "Kyanite": 550,
  "Lunarite": 551,
  "Malachite": 552,
  "Neptunite": 553,
  "Lemon Stone": 554,
  "Nekoite": 555,
  "Orpiment": 556,
  "Petrified Slime": 557,
  "Thunder Egg": 558,
  "Pyrite": 559,
  "Ocean Stone": 560,
  "Ghost Crystal": 561,
  "Tigerseye": 562,
  "Jasper": 563,
  "Opal": 564,
  "Fire Opal": 565,
  "Celestine": 566,
  "Marble": 567,
  "Sandstone": 568,
  "Granite": 569,
  "Basalt": 570,
  "Limestone": 571,
  "Soapstone": 572,
  "Hematite": 573,
  "Mudstone": 574,
  "Obsidian": 575,
  "Slate": 576,
  "Fairy Stone": 577,
  "Star Shards": 578,
  "Prehistoric Scapula": 579,
  "Skeletal Tail": 585,
  "Nautilus Fossil": 586,
  "Amphibian Fossil": 587,
  "Palm Fossil": 588,
  "Trilobite": 589,
  "Tulip": 591,
  "Summer Spangle": 593,
  "Fairy Rose": 595,
  "Blue Jazz": 597,
  "Plum Pudding": 604,
  "Artichoke Dip": 605,
  "Stir Fry": 606,
  "Roasted Hazelnuts": 607,
  "Pumpkin Pie": 608,
  "Radish Salad": 609,
  "Fruit Salad": 610,
  "Blackberry Cobbler": 611,
  "Cranberry Candy": 612,
  "Apple": 613,
  "Green Tea": 614,
  "Bruschetta": 618,
  "Apricot": 634,
  "Orange": 635,
  "Peach": 636,
  "Pomegranate": 637,
  "Cherry": 638,
  "Coleslaw": 648,
  "Fiddlehead Risotto": 649,
  "Poppyseed Muffin": 651,
  "Mutant Carp": 682,
  "Bug Meat": 684,
  "Bait": 685,
  "Sturgeon": 698,
  "Tiger Trout": 699,
  "Bullhead": 700,
  "Tilapia": 701,
  "Chub": 702,
  "Dorado": 704,
  "Albacore": 705,
  "Shad": 706,
  "Lingcod": 707,
  "Halibut": 708,
  "Lobster": 715,
  "Crayfish": 716,
  "Crab": 717,
  "Cockle": 718,
  "Mussel": 719,
  "Shrimp": 720,
  "Snail": 721,
  "Periwinkle": 722,
  "Oyster": 723,
  "Maple Syrup": 724,
  "Oak Resin": 725,
  "Pine Tar": 726,
  "Chowder": 727,
  "Fish Stew": 728,
  "Escargot": 729,
  "Lobster Bisque": 730,
  "Maple Bar": 731,
  "Crab Cakes": 732,
  "Shrimp Cocktail": 733,
  "Woodskip": 734,
  "Slime": 766,
  "Bat Wing": 767,
  "Solar Essence": 768,
  "Void Essence": 769,
  "Oil of Garlic": 772,
  "Life Elixir": 773,
  "Wild Bait": 774,
  "Glacierfish": 775,
  "Battery Pack": 787,
  "Void Salmon": 795,
  "Slimejack": 796,
  "Pearl": 797,
  "Midnight Squid": 798,
  "Spook Fish": 799,
  "Blobfish": 800,
  "Dinosaur Mayonnaise": 807,
  "Roe": 812,
  "Squid Ink": 814,
  "Tea Leaves": 815,
  "Gem Category": -2,
  "Fish Category": -4,
  "Egg Category": -5,
  "Milk Category": -6,
  "Cooking Category": -7,
  "Mineral Category": -12,
  "Trash Category": -20,
  "Artisan Goods": -26,
  "Syrup Category": -27,
  "Vegetables": -75,
  "Flowers Category": -80,
  "Fruit Category": -79,
  "Foraged Category": -81
}